dataset,frame,perturbation,level,seed,n_points,inside_image,object_points,visible_object_points,hits,hit_ratio,visible_hit_ratio,visibility_ratio
kitti_mini,000008,random_dropout,1.0,0,122555,17238,5127,5127,5108,0.9963,0.9963,1.0
kitti_mini,000008,random_dropout,0.9,0,110423,15488,4635,4635,4617,0.9961,0.9961,1.0
kitti_mini,000008,random_dropout,0.7,0,85884,12052,3631,3631,3617,0.9961,0.9961,1.0
kitti_mini,000008,random_dropout,0.5,0,61460,8642,2588,2588,2582,0.9977,0.9977,1.0
kitti_mini,000008,gaussian_noise,0.0,1,122555,17238,5127,5127,5108,0.9963,0.9963,1.0
kitti_mini,000008,gaussian_noise,0.02,1,122555,17256,4980,4980,4960,0.996,0.996,1.0
kitti_mini,000008,gaussian_noise,0.05,1,122555,17285,4659,4659,4641,0.9961,0.9961,1.0
kitti_mini,000008,gaussian_noise,0.1,1,122555,17339,4238,4238,4213,0.9941,0.9941,1.0
kitti_mini,000011,random_dropout,1.0,100,108004,19946,725,725,721,0.9945,0.9945,1.0
kitti_mini,000011,random_dropout,0.9,100,97195,17969,658,658,654,0.9939,0.9939,1.0
kitti_mini,000011,random_dropout,0.7,100,75634,13971,510,510,507,0.9941,0.9941,1.0
kitti_mini,000011,random_dropout,0.5,100,54050,9919,350,350,347,0.9914,0.9914,1.0
kitti_mini,000011,gaussian_noise,0.0,101,108004,19946,725,725,721,0.9945,0.9945,1.0
kitti_mini,000011,gaussian_noise,0.02,101,108004,19972,712,712,712,1.0,1.0,1.0
kitti_mini,000011,gaussian_noise,0.05,101,108004,20014,685,685,680,0.9927,0.9927,1.0
kitti_mini,000011,gaussian_noise,0.1,101,108004,20062,624,624,614,0.984,0.984,1.0
kitti_mini,000049,random_dropout,1.0,200,113691,18093,4557,4557,4523,0.9925,0.9925,1.0
kitti_mini,000049,random_dropout,0.9,200,102295,16293,4113,4113,4086,0.9934,0.9934,1.0
kitti_mini,000049,random_dropout,0.7,200,79344,12688,3151,3151,3129,0.993,0.993,1.0
kitti_mini,000049,random_dropout,0.5,200,56625,9054,2265,2265,2248,0.9925,0.9925,1.0
kitti_mini,000049,gaussian_noise,0.0,201,113691,18093,4557,4557,4523,0.9925,0.9925,1.0
kitti_mini,000049,gaussian_noise,0.02,201,113691,18088,4454,4454,4416,0.9915,0.9915,1.0
kitti_mini,000049,gaussian_noise,0.05,201,113691,18110,4306,4306,4263,0.99,0.99,1.0
kitti_mini,000049,gaussian_noise,0.1,201,113691,18149,3997,3997,3947,0.9875,0.9875,1.0
