dataset,frame,run_index,warmup,latency_ms,n_points,cpu_name,logical_cpus
kitti_mini,000008,0,True,48.3202,122555,"Intel64 Family 6 Model 154 Stepping 3, GenuineIntel",16
kitti_mini,000008,1,False,47.4178,122555,"Intel64 Family 6 Model 154 Stepping 3, GenuineIntel",16
kitti_mini,000008,2,False,46.4045,122555,"Intel64 Family 6 Model 154 Stepping 3, GenuineIntel",16
kitti_mini,000008,3,False,47.4381,122555,"Intel64 Family 6 Model 154 Stepping 3, GenuineIntel",16
kitti_mini,000008,4,False,47.9734,122555,"Intel64 Family 6 Model 154 Stepping 3, GenuineIntel",16
kitti_mini,000008,5,False,46.2508,122555,"Intel64 Family 6 Model 154 Stepping 3, GenuineIntel",16
kitti_mini,000008,6,False,47.4803,122555,"Intel64 Family 6 Model 154 Stepping 3, GenuineIntel",16
kitti_mini,000008,7,False,47.8714,122555,"Intel64 Family 6 Model 154 Stepping 3, GenuineIntel",16
kitti_mini,000008,8,False,47.7783,122555,"Intel64 Family 6 Model 154 Stepping 3, GenuineIntel",16
kitti_mini,000008,9,False,47.8986,122555,"Intel64 Family 6 Model 154 Stepping 3, GenuineIntel",16
kitti_mini,000008,10,False,49.53,122555,"Intel64 Family 6 Model 154 Stepping 3, GenuineIntel",16
kitti_mini,000008,11,False,47.1793,122555,"Intel64 Family 6 Model 154 Stepping 3, GenuineIntel",16
kitti_mini,000008,12,False,46.7132,122555,"Intel64 Family 6 Model 154 Stepping 3, GenuineIntel",16
kitti_mini,000008,13,False,46.1198,122555,"Intel64 Family 6 Model 154 Stepping 3, GenuineIntel",16
kitti_mini,000008,14,False,47.6092,122555,"Intel64 Family 6 Model 154 Stepping 3, GenuineIntel",16
kitti_mini,000008,15,False,47.6949,122555,"Intel64 Family 6 Model 154 Stepping 3, GenuineIntel",16
kitti_mini,000008,16,False,51.9571,122555,"Intel64 Family 6 Model 154 Stepping 3, GenuineIntel",16
kitti_mini,000008,17,False,49.3728,122555,"Intel64 Family 6 Model 154 Stepping 3, GenuineIntel",16
kitti_mini,000008,18,False,51.1115,122555,"Intel64 Family 6 Model 154 Stepping 3, GenuineIntel",16
kitti_mini,000008,19,False,54.1662,122555,"Intel64 Family 6 Model 154 Stepping 3, GenuineIntel",16
kitti_mini,000008,20,False,50.161,122555,"Intel64 Family 6 Model 154 Stepping 3, GenuineIntel",16
kitti_mini,000011,0,True,43.9073,108004,"Intel64 Family 6 Model 154 Stepping 3, GenuineIntel",16
kitti_mini,000011,1,False,43.5384,108004,"Intel64 Family 6 Model 154 Stepping 3, GenuineIntel",16
kitti_mini,000011,2,False,42.585,108004,"Intel64 Family 6 Model 154 Stepping 3, GenuineIntel",16
kitti_mini,000011,3,False,41.1242,108004,"Intel64 Family 6 Model 154 Stepping 3, GenuineIntel",16
kitti_mini,000011,4,False,40.6145,108004,"Intel64 Family 6 Model 154 Stepping 3, GenuineIntel",16
kitti_mini,000011,5,False,42.0189,108004,"Intel64 Family 6 Model 154 Stepping 3, GenuineIntel",16
kitti_mini,000011,6,False,42.1271,108004,"Intel64 Family 6 Model 154 Stepping 3, GenuineIntel",16
kitti_mini,000011,7,False,40.4634,108004,"Intel64 Family 6 Model 154 Stepping 3, GenuineIntel",16
kitti_mini,000011,8,False,43.6115,108004,"Intel64 Family 6 Model 154 Stepping 3, GenuineIntel",16
kitti_mini,000011,9,False,40.9058,108004,"Intel64 Family 6 Model 154 Stepping 3, GenuineIntel",16
kitti_mini,000011,10,False,44.5785,108004,"Intel64 Family 6 Model 154 Stepping 3, GenuineIntel",16
kitti_mini,000011,11,False,42.6135,108004,"Intel64 Family 6 Model 154 Stepping 3, GenuineIntel",16
kitti_mini,000011,12,False,44.4314,108004,"Intel64 Family 6 Model 154 Stepping 3, GenuineIntel",16
kitti_mini,000011,13,False,41.603,108004,"Intel64 Family 6 Model 154 Stepping 3, GenuineIntel",16
kitti_mini,000011,14,False,45.4179,108004,"Intel64 Family 6 Model 154 Stepping 3, GenuineIntel",16
kitti_mini,000011,15,False,41.994,108004,"Intel64 Family 6 Model 154 Stepping 3, GenuineIntel",16
kitti_mini,000011,16,False,39.6179,108004,"Intel64 Family 6 Model 154 Stepping 3, GenuineIntel",16
kitti_mini,000011,17,False,39.3858,108004,"Intel64 Family 6 Model 154 Stepping 3, GenuineIntel",16
kitti_mini,000011,18,False,42.8398,108004,"Intel64 Family 6 Model 154 Stepping 3, GenuineIntel",16
kitti_mini,000011,19,False,40.1994,108004,"Intel64 Family 6 Model 154 Stepping 3, GenuineIntel",16
kitti_mini,000011,20,False,41.6789,108004,"Intel64 Family 6 Model 154 Stepping 3, GenuineIntel",16
kitti_mini,000049,0,True,74.6956,113691,"Intel64 Family 6 Model 154 Stepping 3, GenuineIntel",16
kitti_mini,000049,1,False,99.0494,113691,"Intel64 Family 6 Model 154 Stepping 3, GenuineIntel",16
kitti_mini,000049,2,False,75.4059,113691,"Intel64 Family 6 Model 154 Stepping 3, GenuineIntel",16
kitti_mini,000049,3,False,75.5169,113691,"Intel64 Family 6 Model 154 Stepping 3, GenuineIntel",16
kitti_mini,000049,4,False,77.7841,113691,"Intel64 Family 6 Model 154 Stepping 3, GenuineIntel",16
kitti_mini,000049,5,False,93.8709,113691,"Intel64 Family 6 Model 154 Stepping 3, GenuineIntel",16
kitti_mini,000049,6,False,82.6655,113691,"Intel64 Family 6 Model 154 Stepping 3, GenuineIntel",16
kitti_mini,000049,7,False,83.4913,113691,"Intel64 Family 6 Model 154 Stepping 3, GenuineIntel",16
kitti_mini,000049,8,False,85.091,113691,"Intel64 Family 6 Model 154 Stepping 3, GenuineIntel",16
kitti_mini,000049,9,False,86.653,113691,"Intel64 Family 6 Model 154 Stepping 3, GenuineIntel",16
kitti_mini,000049,10,False,84.0061,113691,"Intel64 Family 6 Model 154 Stepping 3, GenuineIntel",16
kitti_mini,000049,11,False,87.202,113691,"Intel64 Family 6 Model 154 Stepping 3, GenuineIntel",16
kitti_mini,000049,12,False,85.6434,113691,"Intel64 Family 6 Model 154 Stepping 3, GenuineIntel",16
kitti_mini,000049,13,False,86.4459,113691,"Intel64 Family 6 Model 154 Stepping 3, GenuineIntel",16
kitti_mini,000049,14,False,87.4905,113691,"Intel64 Family 6 Model 154 Stepping 3, GenuineIntel",16
kitti_mini,000049,15,False,89.5775,113691,"Intel64 Family 6 Model 154 Stepping 3, GenuineIntel",16
kitti_mini,000049,16,False,94.1423,113691,"Intel64 Family 6 Model 154 Stepping 3, GenuineIntel",16
kitti_mini,000049,17,False,90.8028,113691,"Intel64 Family 6 Model 154 Stepping 3, GenuineIntel",16
kitti_mini,000049,18,False,91.4996,113691,"Intel64 Family 6 Model 154 Stepping 3, GenuineIntel",16
kitti_mini,000049,19,False,86.9513,113691,"Intel64 Family 6 Model 154 Stepping 3, GenuineIntel",16
kitti_mini,000049,20,False,78.919,113691,"Intel64 Family 6 Model 154 Stepping 3, GenuineIntel",16
