dataset,frame,yaw_deg,ego_motion,group_by,group,n_points,inside_image,object_points,visible_object_points,hits,hit_ratio,visible_hit_ratio,visibility_ratio
kitti_mini,000008,0,not_applicable,class,Car,122555,17238,5127,5127,5108,0.9963,0.9963,1.0
kitti_mini,000008,0.5,not_applicable,class,Car,122555,17281,5127,5084,5067,0.9883,0.9967,0.9916
kitti_mini,000008,1,not_applicable,class,Car,122555,17316,5127,5041,4978,0.9709,0.9875,0.9832
kitti_mini,000008,2,not_applicable,class,Car,122555,17384,5127,4963,4709,0.9185,0.9488,0.968
kitti_mini,000008,3,not_applicable,class,Car,122555,17436,5127,4883,4443,0.8666,0.9099,0.9524
kitti_mini,000011,0,not_applicable,class,Pedestrian,108004,19946,307,307,306,0.9967,0.9967,1.0
kitti_mini,000011,0,not_applicable,class,Car,108004,19946,418,418,415,0.9928,0.9928,1.0
kitti_mini,000011,0.5,not_applicable,class,Pedestrian,108004,19946,307,307,263,0.8567,0.8567,1.0
kitti_mini,000011,0.5,not_applicable,class,Car,108004,19946,418,383,371,0.8876,0.9687,0.9163
kitti_mini,000011,1,not_applicable,class,Pedestrian,108004,19952,307,307,190,0.6189,0.6189,1.0
kitti_mini,000011,1,not_applicable,class,Car,108004,19952,418,349,318,0.7608,0.9112,0.8349
kitti_mini,000011,2,not_applicable,class,Pedestrian,108004,19963,307,307,65,0.2117,0.2117,1.0
kitti_mini,000011,2,not_applicable,class,Car,108004,19963,418,285,204,0.488,0.7158,0.6818
kitti_mini,000011,3,not_applicable,class,Pedestrian,108004,19948,307,307,16,0.0521,0.0521,1.0
kitti_mini,000011,3,not_applicable,class,Car,108004,19948,418,230,98,0.2344,0.4261,0.5502
kitti_mini,000049,0,not_applicable,class,Car,113691,18093,3456,3456,3456,1.0,1.0,1.0
kitti_mini,000049,0,not_applicable,class,Pedestrian,113691,18093,761,761,727,0.9553,0.9553,1.0
kitti_mini,000049,0.5,not_applicable,class,Car,113691,18134,3456,3455,3419,0.9893,0.9896,0.9997
kitti_mini,000049,0.5,not_applicable,class,Pedestrian,113691,18134,761,761,695,0.9133,0.9133,1.0
kitti_mini,000049,1,not_applicable,class,Car,113691,18174,3456,3448,3295,0.9534,0.9556,0.9977
kitti_mini,000049,1,not_applicable,class,Pedestrian,113691,18174,761,761,649,0.8528,0.8528,1.0
kitti_mini,000049,2,not_applicable,class,Car,113691,18229,3456,3411,2998,0.8675,0.8789,0.987
kitti_mini,000049,2,not_applicable,class,Pedestrian,113691,18229,761,761,557,0.7319,0.7319,1.0
kitti_mini,000049,3,not_applicable,class,Car,113691,18231,3456,3365,2659,0.7694,0.7902,0.9737
kitti_mini,000049,3,not_applicable,class,Pedestrian,113691,18231,761,761,432,0.5677,0.5677,1.0
nuscenes_mini_subset,scene-0103_010,0,on,class,Car,34720,3120,86,86,86,1.0,1.0,1.0
nuscenes_mini_subset,scene-0103_010,0,on,class,Pedestrian,34720,3120,14,14,14,1.0,1.0,1.0
nuscenes_mini_subset,scene-0103_010,0.5,on,class,Car,34720,3126,86,85,84,0.9767,0.9882,0.9884
nuscenes_mini_subset,scene-0103_010,0.5,on,class,Pedestrian,34720,3126,14,14,12,0.8571,0.8571,1.0
nuscenes_mini_subset,scene-0103_010,1,on,class,Car,34720,3125,86,83,79,0.9186,0.9518,0.9651
nuscenes_mini_subset,scene-0103_010,1,on,class,Pedestrian,34720,3125,14,14,9,0.6429,0.6429,1.0
nuscenes_mini_subset,scene-0103_010,2,on,class,Car,34720,3126,86,78,68,0.7907,0.8718,0.907
nuscenes_mini_subset,scene-0103_010,2,on,class,Pedestrian,34720,3126,14,14,1,0.0714,0.0714,1.0
nuscenes_mini_subset,scene-0103_010,3,on,class,Car,34720,3133,86,75,58,0.6744,0.7733,0.8721
nuscenes_mini_subset,scene-0103_010,3,on,class,Pedestrian,34720,3133,14,14,0,0.0,0.0,1.0
nuscenes_mini_subset,scene-0103_020,0,on,class,Pedestrian,34752,2990,6,6,6,1.0,1.0,1.0
nuscenes_mini_subset,scene-0103_020,0,on,class,Car,34752,2990,237,237,237,1.0,1.0,1.0
nuscenes_mini_subset,scene-0103_020,0.5,on,class,Pedestrian,34752,2982,6,6,2,0.3333,0.3333,1.0
nuscenes_mini_subset,scene-0103_020,0.5,on,class,Car,34752,2982,237,237,235,0.9916,0.9916,1.0
nuscenes_mini_subset,scene-0103_020,1,on,class,Pedestrian,34752,2973,6,6,1,0.1667,0.1667,1.0
nuscenes_mini_subset,scene-0103_020,1,on,class,Car,34752,2973,237,237,230,0.9705,0.9705,1.0
nuscenes_mini_subset,scene-0103_020,2,on,class,Pedestrian,34752,2965,6,6,0,0.0,0.0,1.0
nuscenes_mini_subset,scene-0103_020,2,on,class,Car,34752,2965,237,237,207,0.8734,0.8734,1.0
nuscenes_mini_subset,scene-0103_020,3,on,class,Pedestrian,34752,2960,6,6,0,0.0,0.0,1.0
nuscenes_mini_subset,scene-0103_020,3,on,class,Car,34752,2960,237,237,180,0.7595,0.7595,1.0
nuscenes_mini_subset,scene-1094_010,0,on,class,Car,34688,3592,287,287,287,1.0,1.0,1.0
nuscenes_mini_subset,scene-1094_010,0,on,class,Pedestrian,34688,3592,72,72,72,1.0,1.0,1.0
nuscenes_mini_subset,scene-1094_010,0.5,on,class,Car,34688,3594,287,274,274,0.9547,1.0,0.9547
nuscenes_mini_subset,scene-1094_010,0.5,on,class,Pedestrian,34688,3594,72,72,72,1.0,1.0,1.0
nuscenes_mini_subset,scene-1094_010,1,on,class,Car,34688,3600,287,262,262,0.9129,1.0,0.9129
nuscenes_mini_subset,scene-1094_010,1,on,class,Pedestrian,34688,3600,72,72,61,0.8472,0.8472,1.0
nuscenes_mini_subset,scene-1094_010,2,on,class,Car,34688,3609,287,238,231,0.8049,0.9706,0.8293
nuscenes_mini_subset,scene-1094_010,2,on,class,Pedestrian,34688,3609,72,72,37,0.5139,0.5139,1.0
nuscenes_mini_subset,scene-1094_010,3,on,class,Car,34688,3618,287,214,196,0.6829,0.9159,0.7456
nuscenes_mini_subset,scene-1094_010,3,on,class,Pedestrian,34688,3618,72,72,19,0.2639,0.2639,1.0
