dataset,frame,yaw_deg,group_by,group,n_points,inside_image,object_points,visible_object_points,hits,hit_ratio,visible_hit_ratio,visibility_ratio
kitti_mini,000008,0,all,all,122555,17238,5127,5127,5108,0.9963,0.9963,1.0
kitti_mini,000008,0,class,Car,122555,17238,5127,5127,5108,0.9963,0.9963,1.0
kitti_mini,000008,0,distance,0-15m,122555,17238,4910,4910,4891,0.9961,0.9961,1.0
kitti_mini,000008,0,distance,30m+,122555,17238,53,53,53,1.0,1.0,1.0
kitti_mini,000008,0,distance,15-30m,122555,17238,164,164,164,1.0,1.0,1.0
kitti_mini,000008,0.5,all,all,122555,17281,5127,5084,5067,0.9883,0.9967,0.9916
kitti_mini,000008,0.5,class,Car,122555,17281,5127,5084,5067,0.9883,0.9967,0.9916
kitti_mini,000008,0.5,distance,0-15m,122555,17281,4910,4867,4857,0.9892,0.9979,0.9912
kitti_mini,000008,0.5,distance,30m+,122555,17281,53,53,48,0.9057,0.9057,1.0
kitti_mini,000008,0.5,distance,15-30m,122555,17281,164,164,162,0.9878,0.9878,1.0
kitti_mini,000008,1,all,all,122555,17316,5127,5041,4978,0.9709,0.9875,0.9832
kitti_mini,000008,1,class,Car,122555,17316,5127,5041,4978,0.9709,0.9875,0.9832
kitti_mini,000008,1,distance,0-15m,122555,17316,4910,4824,4796,0.9768,0.9942,0.9825
kitti_mini,000008,1,distance,30m+,122555,17316,53,53,40,0.7547,0.7547,1.0
kitti_mini,000008,1,distance,15-30m,122555,17316,164,164,142,0.8659,0.8659,1.0
kitti_mini,000008,2,all,all,122555,17384,5127,4963,4709,0.9185,0.9488,0.968
kitti_mini,000008,2,class,Car,122555,17384,5127,4963,4709,0.9185,0.9488,0.968
kitti_mini,000008,2,distance,0-15m,122555,17384,4910,4746,4593,0.9354,0.9678,0.9666
kitti_mini,000008,2,distance,30m+,122555,17384,53,53,17,0.3208,0.3208,1.0
kitti_mini,000008,2,distance,15-30m,122555,17384,164,164,99,0.6037,0.6037,1.0
kitti_mini,000008,3,all,all,122555,17436,5127,4883,4443,0.8666,0.9099,0.9524
kitti_mini,000008,3,class,Car,122555,17436,5127,4883,4443,0.8666,0.9099,0.9524
kitti_mini,000008,3,distance,0-15m,122555,17436,4910,4666,4378,0.8916,0.9383,0.9503
kitti_mini,000008,3,distance,30m+,122555,17436,53,53,3,0.0566,0.0566,1.0
kitti_mini,000008,3,distance,15-30m,122555,17436,164,164,62,0.378,0.378,1.0
kitti_mini,000011,0,all,all,108004,19946,725,725,721,0.9945,0.9945,1.0
kitti_mini,000011,0,class,Pedestrian,108004,19946,307,307,306,0.9967,0.9967,1.0
kitti_mini,000011,0,distance,0-15m,108004,19946,396,396,392,0.9899,0.9899,1.0
kitti_mini,000011,0,class,Car,108004,19946,418,418,415,0.9928,0.9928,1.0
kitti_mini,000011,0,distance,15-30m,108004,19946,289,289,289,1.0,1.0,1.0
kitti_mini,000011,0,distance,30m+,108004,19946,40,40,40,1.0,1.0,1.0
kitti_mini,000011,0.5,all,all,108004,19946,725,690,634,0.8745,0.9188,0.9517
kitti_mini,000011,0.5,class,Pedestrian,108004,19946,307,307,263,0.8567,0.8567,1.0
kitti_mini,000011,0.5,distance,0-15m,108004,19946,396,361,348,0.8788,0.964,0.9116
kitti_mini,000011,0.5,class,Car,108004,19946,418,383,371,0.8876,0.9687,0.9163
kitti_mini,000011,0.5,distance,15-30m,108004,19946,289,289,265,0.917,0.917,1.0
kitti_mini,000011,0.5,distance,30m+,108004,19946,40,40,21,0.525,0.525,1.0
kitti_mini,000011,1,all,all,108004,19952,725,656,508,0.7007,0.7744,0.9048
kitti_mini,000011,1,class,Pedestrian,108004,19952,307,307,190,0.6189,0.6189,1.0
kitti_mini,000011,1,distance,0-15m,108004,19952,396,327,299,0.7551,0.9144,0.8258
kitti_mini,000011,1,class,Car,108004,19952,418,349,318,0.7608,0.9112,0.8349
kitti_mini,000011,1,distance,15-30m,108004,19952,289,289,206,0.7128,0.7128,1.0
kitti_mini,000011,1,distance,30m+,108004,19952,40,40,3,0.075,0.075,1.0
kitti_mini,000011,2,all,all,108004,19963,725,592,269,0.371,0.4544,0.8166
kitti_mini,000011,2,class,Pedestrian,108004,19963,307,307,65,0.2117,0.2117,1.0
kitti_mini,000011,2,distance,0-15m,108004,19963,396,263,142,0.3586,0.5399,0.6641
kitti_mini,000011,2,class,Car,108004,19963,418,285,204,0.488,0.7158,0.6818
kitti_mini,000011,2,distance,15-30m,108004,19963,289,289,127,0.4394,0.4394,1.0
kitti_mini,000011,2,distance,30m+,108004,19963,40,40,0,0.0,0.0,1.0
kitti_mini,000011,3,all,all,108004,19948,725,537,114,0.1572,0.2123,0.7407
kitti_mini,000011,3,class,Pedestrian,108004,19948,307,307,16,0.0521,0.0521,1.0
kitti_mini,000011,3,distance,0-15m,108004,19948,396,208,38,0.096,0.1827,0.5253
kitti_mini,000011,3,class,Car,108004,19948,418,230,98,0.2344,0.4261,0.5502
kitti_mini,000011,3,distance,15-30m,108004,19948,289,289,76,0.263,0.263,1.0
kitti_mini,000011,3,distance,30m+,108004,19948,40,40,0,0.0,0.0,1.0
kitti_mini,000049,0,all,all,113691,18093,4557,4557,4523,0.9925,0.9925,1.0
kitti_mini,000049,0,class,Car,113691,18093,3456,3456,3456,1.0,1.0,1.0
kitti_mini,000049,0,distance,15-30m,113691,18093,1424,1424,1424,1.0,1.0,1.0
kitti_mini,000049,0,distance,0-15m,113691,18093,2657,2657,2628,0.9891,0.9891,1.0
kitti_mini,000049,0,distance,30m+,113691,18093,476,476,471,0.9895,0.9895,1.0
kitti_mini,000049,0,class,Van,113691,18093,340,340,340,1.0,1.0,1.0
kitti_mini,000049,0,class,Pedestrian,113691,18093,761,761,727,0.9553,0.9553,1.0
kitti_mini,000049,0.5,all,all,113691,18134,4557,4556,4443,0.975,0.9752,0.9998
kitti_mini,000049,0.5,class,Car,113691,18134,3456,3455,3419,0.9893,0.9896,0.9997
kitti_mini,000049,0.5,distance,15-30m,113691,18134,1424,1423,1398,0.9817,0.9824,0.9993
kitti_mini,000049,0.5,distance,0-15m,113691,18134,2657,2657,2598,0.9778,0.9778,1.0
kitti_mini,000049,0.5,distance,30m+,113691,18134,476,476,447,0.9391,0.9391,1.0
kitti_mini,000049,0.5,class,Van,113691,18134,340,340,329,0.9676,0.9676,1.0
kitti_mini,000049,0.5,class,Pedestrian,113691,18134,761,761,695,0.9133,0.9133,1.0
kitti_mini,000049,1,all,all,113691,18174,4557,4549,4255,0.9337,0.9354,0.9982
kitti_mini,000049,1,class,Car,113691,18174,3456,3448,3295,0.9534,0.9556,0.9977
kitti_mini,000049,1,distance,15-30m,113691,18174,1424,1416,1318,0.9256,0.9308,0.9944
kitti_mini,000049,1,distance,0-15m,113691,18174,2657,2657,2530,0.9522,0.9522,1.0
kitti_mini,000049,1,distance,30m+,113691,18174,476,476,407,0.855,0.855,1.0
kitti_mini,000049,1,class,Van,113691,18174,340,340,311,0.9147,0.9147,1.0
kitti_mini,000049,1,class,Pedestrian,113691,18174,761,761,649,0.8528,0.8528,1.0
kitti_mini,000049,2,all,all,113691,18229,4557,4512,3823,0.8389,0.8473,0.9901
kitti_mini,000049,2,class,Car,113691,18229,3456,3411,2998,0.8675,0.8789,0.987
kitti_mini,000049,2,distance,15-30m,113691,18229,1424,1395,1135,0.7971,0.8136,0.9796
kitti_mini,000049,2,distance,0-15m,113691,18229,2657,2641,2327,0.8758,0.8811,0.994
kitti_mini,000049,2,distance,30m+,113691,18229,476,476,361,0.7584,0.7584,1.0
kitti_mini,000049,2,class,Van,113691,18229,340,340,268,0.7882,0.7882,1.0
kitti_mini,000049,2,class,Pedestrian,113691,18229,761,761,557,0.7319,0.7319,1.0
kitti_mini,000049,3,all,all,113691,18231,4557,4466,3318,0.7281,0.7429,0.98
kitti_mini,000049,3,class,Car,113691,18231,3456,3365,2659,0.7694,0.7902,0.9737
kitti_mini,000049,3,distance,15-30m,113691,18231,1424,1385,933,0.6552,0.6736,0.9726
kitti_mini,000049,3,distance,0-15m,113691,18231,2657,2605,2078,0.7821,0.7977,0.9804
kitti_mini,000049,3,distance,30m+,113691,18231,476,476,307,0.645,0.645,1.0
kitti_mini,000049,3,class,Van,113691,18231,340,340,227,0.6676,0.6676,1.0
kitti_mini,000049,3,class,Pedestrian,113691,18231,761,761,432,0.5677,0.5677,1.0
